<?xml version="1.0" encoding="UTF-8"?>

<!--XBRL Document Created with Wdesk from Workiva-->
<!--Copyright 2021 Workiva-->
<!--r:9b8f7b78-4a66-4b08-8559-14573d62a976,g:384bd88d-46fb-4cc4-bcf8-c354e77a6942-->
<link:linkbase xmlns:link="http://www.xbrl.org/2003/linkbase" xmlns:xlink="http://www.w3.org/1999/xlink" xmlns:xsi="http://www.w3.org/2001/XMLSchema-instance" xsi:schemaLocation="http://www.xbrl.org/2003/linkbase http://www.xbrl.org/2003/xbrl-linkbase-2003-12-31.xsd">
  <link:roleRef roleURI="http://www.goldengrainenergy.com/role/BalanceSheet" xlink:type="simple" xlink:href="gold-20211031.xsd#BalanceSheet"/>
  <link:calculationLink xlink:role="http://www.goldengrainenergy.com/role/BalanceSheet" xlink:type="extended">
    <link:loc xlink:type="locator" xlink:label="loc_us-gaap_OtherAssets_e899cc1d-6749-4388-acd6-1812aa5942e5" xlink:href="https://xbrl.fasb.org/us-gaap/2021/elts/us-gaap-2021-01-31.xsd#us-gaap_OtherAssets"/>
    <link:loc xlink:type="locator" xlink:label="loc_us-gaap_OtherAssetsNoncurrent_3f37ce45-8933-4e5b-bd2e-f3b78241a7d6" xlink:href="https://xbrl.fasb.org/us-gaap/2021/elts/us-gaap-2021-01-31.xsd#us-gaap_OtherAssetsNoncurrent"/>
    <link:calculationArc order="1" weight="1.0" xlink:arcrole="http://www.xbrl.org/2003/arcrole/summation-item" xlink:from="loc_us-gaap_OtherAssets_e899cc1d-6749-4388-acd6-1812aa5942e5" xlink:to="loc_us-gaap_OtherAssetsNoncurrent_3f37ce45-8933-4e5b-bd2e-f3b78241a7d6" xlink:type="arc"/>
    <link:loc xlink:type="locator" xlink:label="loc_us-gaap_EquityMethodInvestments_0c654c4f-2680-4488-863c-a187244c407f" xlink:href="https://xbrl.fasb.org/us-gaap/2021/elts/us-gaap-2021-01-31.xsd#us-gaap_EquityMethodInvestments"/>
    <link:calculationArc order="2" weight="1.0" xlink:arcrole="http://www.xbrl.org/2003/arcrole/summation-item" xlink:from="loc_us-gaap_OtherAssets_e899cc1d-6749-4388-acd6-1812aa5942e5" xlink:to="loc_us-gaap_EquityMethodInvestments_0c654c4f-2680-4488-863c-a187244c407f" xlink:type="arc"/>
    <link:loc xlink:type="locator" xlink:label="loc_us-gaap_OperatingLeaseRightOfUseAsset_1fe39bdc-137b-4bc8-961a-aa31f18f233b" xlink:href="https://xbrl.fasb.org/us-gaap/2021/elts/us-gaap-2021-01-31.xsd#us-gaap_OperatingLeaseRightOfUseAsset"/>
    <link:calculationArc order="3" weight="1.0" xlink:arcrole="http://www.xbrl.org/2003/arcrole/summation-item" xlink:from="loc_us-gaap_OtherAssets_e899cc1d-6749-4388-acd6-1812aa5942e5" xlink:to="loc_us-gaap_OperatingLeaseRightOfUseAsset_1fe39bdc-137b-4bc8-961a-aa31f18f233b" xlink:type="arc"/>
    <link:loc xlink:type="locator" xlink:label="loc_us-gaap_LiabilitiesNoncurrent_b5e6e10e-a7de-4e3b-8654-cd09eef80da8" xlink:href="https://xbrl.fasb.org/us-gaap/2021/elts/us-gaap-2021-01-31.xsd#us-gaap_LiabilitiesNoncurrent"/>
    <link:loc xlink:type="locator" xlink:label="loc_us-gaap_DeferredRevenue_e5e05e6e-1daf-44ab-bd07-b61aab59f279" xlink:href="https://xbrl.fasb.org/us-gaap/2021/elts/us-gaap-2021-01-31.xsd#us-gaap_DeferredRevenue"/>
    <link:calculationArc order="1" weight="1.0" xlink:arcrole="http://www.xbrl.org/2003/arcrole/summation-item" xlink:from="loc_us-gaap_LiabilitiesNoncurrent_b5e6e10e-a7de-4e3b-8654-cd09eef80da8" xlink:to="loc_us-gaap_DeferredRevenue_e5e05e6e-1daf-44ab-bd07-b61aab59f279" xlink:type="arc"/>
    <link:loc xlink:type="locator" xlink:label="loc_us-gaap_DeferredCompensationLiabilityClassifiedNoncurrent_8a9dd6dc-15ce-43b3-ba42-13f95a50fd71" xlink:href="https://xbrl.fasb.org/us-gaap/2021/elts/us-gaap-2021-01-31.xsd#us-gaap_DeferredCompensationLiabilityClassifiedNoncurrent"/>
    <link:calculationArc order="2" weight="1.0" xlink:arcrole="http://www.xbrl.org/2003/arcrole/summation-item" xlink:from="loc_us-gaap_LiabilitiesNoncurrent_b5e6e10e-a7de-4e3b-8654-cd09eef80da8" xlink:to="loc_us-gaap_DeferredCompensationLiabilityClassifiedNoncurrent_8a9dd6dc-15ce-43b3-ba42-13f95a50fd71" xlink:type="arc"/>
    <link:loc xlink:type="locator" xlink:label="loc_us-gaap_LongTermDebtNoncurrent_58027d0f-a8d3-4cf7-939d-c41bccfb0638" xlink:href="https://xbrl.fasb.org/us-gaap/2021/elts/us-gaap-2021-01-31.xsd#us-gaap_LongTermDebtNoncurrent"/>
    <link:calculationArc order="3" weight="1.0" xlink:arcrole="http://www.xbrl.org/2003/arcrole/summation-item" xlink:from="loc_us-gaap_LiabilitiesNoncurrent_b5e6e10e-a7de-4e3b-8654-cd09eef80da8" xlink:to="loc_us-gaap_LongTermDebtNoncurrent_58027d0f-a8d3-4cf7-939d-c41bccfb0638" xlink:type="arc"/>
    <link:loc xlink:type="locator" xlink:label="loc_us-gaap_OtherLiabilitiesNoncurrent_46c295b4-bfea-4921-88db-04129a471484" xlink:href="https://xbrl.fasb.org/us-gaap/2021/elts/us-gaap-2021-01-31.xsd#us-gaap_OtherLiabilitiesNoncurrent"/>
    <link:calculationArc order="4" weight="1.0" xlink:arcrole="http://www.xbrl.org/2003/arcrole/summation-item" xlink:from="loc_us-gaap_LiabilitiesNoncurrent_b5e6e10e-a7de-4e3b-8654-cd09eef80da8" xlink:to="loc_us-gaap_OtherLiabilitiesNoncurrent_46c295b4-bfea-4921-88db-04129a471484" xlink:type="arc"/>
    <link:loc xlink:type="locator" xlink:label="loc_us-gaap_LiabilitiesCurrent_bfed3604-1b03-4438-8484-d248a086003c" xlink:href="https://xbrl.fasb.org/us-gaap/2021/elts/us-gaap-2021-01-31.xsd#us-gaap_LiabilitiesCurrent"/>
    <link:loc xlink:type="locator" xlink:label="loc_us-gaap_OtherLiabilitiesCurrent_e3e3afff-b025-40d5-ab37-709a785bd77b" xlink:href="https://xbrl.fasb.org/us-gaap/2021/elts/us-gaap-2021-01-31.xsd#us-gaap_OtherLiabilitiesCurrent"/>
    <link:calculationArc order="1" weight="1.0" xlink:arcrole="http://www.xbrl.org/2003/arcrole/summation-item" xlink:from="loc_us-gaap_LiabilitiesCurrent_bfed3604-1b03-4438-8484-d248a086003c" xlink:to="loc_us-gaap_OtherLiabilitiesCurrent_e3e3afff-b025-40d5-ab37-709a785bd77b" xlink:type="arc"/>
    <link:loc xlink:type="locator" xlink:label="loc_us-gaap_AccountsPayableCurrent_cb3f2020-af5e-4aed-90ac-01b686acf6c9" xlink:href="https://xbrl.fasb.org/us-gaap/2021/elts/us-gaap-2021-01-31.xsd#us-gaap_AccountsPayableCurrent"/>
    <link:calculationArc order="2" weight="1.0" xlink:arcrole="http://www.xbrl.org/2003/arcrole/summation-item" xlink:from="loc_us-gaap_LiabilitiesCurrent_bfed3604-1b03-4438-8484-d248a086003c" xlink:to="loc_us-gaap_AccountsPayableCurrent_cb3f2020-af5e-4aed-90ac-01b686acf6c9" xlink:type="arc"/>
    <link:loc xlink:type="locator" xlink:label="loc_us-gaap_AccruedLiabilitiesCurrent_5df3499f-b2f5-4dc2-ae2b-6c404e91d845" xlink:href="https://xbrl.fasb.org/us-gaap/2021/elts/us-gaap-2021-01-31.xsd#us-gaap_AccruedLiabilitiesCurrent"/>
    <link:calculationArc order="3" weight="1.0" xlink:arcrole="http://www.xbrl.org/2003/arcrole/summation-item" xlink:from="loc_us-gaap_LiabilitiesCurrent_bfed3604-1b03-4438-8484-d248a086003c" xlink:to="loc_us-gaap_AccruedLiabilitiesCurrent_5df3499f-b2f5-4dc2-ae2b-6c404e91d845" xlink:type="arc"/>
    <link:loc xlink:type="locator" xlink:label="loc_us-gaap_LongTermDebtCurrent_fe6931fa-3d9e-48a3-973c-097a73412b96" xlink:href="https://xbrl.fasb.org/us-gaap/2021/elts/us-gaap-2021-01-31.xsd#us-gaap_LongTermDebtCurrent"/>
    <link:calculationArc order="4" weight="1.0" xlink:arcrole="http://www.xbrl.org/2003/arcrole/summation-item" xlink:from="loc_us-gaap_LiabilitiesCurrent_bfed3604-1b03-4438-8484-d248a086003c" xlink:to="loc_us-gaap_LongTermDebtCurrent_fe6931fa-3d9e-48a3-973c-097a73412b96" xlink:type="arc"/>
    <link:loc xlink:type="locator" xlink:label="loc_us-gaap_OperatingLeaseLiabilityCurrent_57a984f3-e952-433a-8eb7-9cb46efff9ed" xlink:href="https://xbrl.fasb.org/us-gaap/2021/elts/us-gaap-2021-01-31.xsd#us-gaap_OperatingLeaseLiabilityCurrent"/>
    <link:calculationArc order="5" weight="1.0" xlink:arcrole="http://www.xbrl.org/2003/arcrole/summation-item" xlink:from="loc_us-gaap_LiabilitiesCurrent_bfed3604-1b03-4438-8484-d248a086003c" xlink:to="loc_us-gaap_OperatingLeaseLiabilityCurrent_57a984f3-e952-433a-8eb7-9cb46efff9ed" xlink:type="arc"/>
    <link:loc xlink:type="locator" xlink:label="loc_us-gaap_LiabilitiesAndStockholdersEquity_e36e1b0a-7689-4f7d-a390-e81862bf14ee" xlink:href="https://xbrl.fasb.org/us-gaap/2021/elts/us-gaap-2021-01-31.xsd#us-gaap_LiabilitiesAndStockholdersEquity"/>
    <link:loc xlink:type="locator" xlink:label="loc_us-gaap_LiabilitiesCurrent_4c0b1b2a-0983-4296-ac67-9bf4f158d5d2" xlink:href="https://xbrl.fasb.org/us-gaap/2021/elts/us-gaap-2021-01-31.xsd#us-gaap_LiabilitiesCurrent"/>
    <link:calculationArc order="1" weight="1.0" xlink:arcrole="http://www.xbrl.org/2003/arcrole/summation-item" xlink:from="loc_us-gaap_LiabilitiesAndStockholdersEquity_e36e1b0a-7689-4f7d-a390-e81862bf14ee" xlink:to="loc_us-gaap_LiabilitiesCurrent_4c0b1b2a-0983-4296-ac67-9bf4f158d5d2" xlink:type="arc"/>
    <link:loc xlink:type="locator" xlink:label="loc_us-gaap_CommitmentsAndContingencies_9c5b5436-9843-475e-8ebc-3f89333c02bc" xlink:href="https://xbrl.fasb.org/us-gaap/2021/elts/us-gaap-2021-01-31.xsd#us-gaap_CommitmentsAndContingencies"/>
    <link:calculationArc order="2" weight="1.0" xlink:arcrole="http://www.xbrl.org/2003/arcrole/summation-item" xlink:from="loc_us-gaap_LiabilitiesAndStockholdersEquity_e36e1b0a-7689-4f7d-a390-e81862bf14ee" xlink:to="loc_us-gaap_CommitmentsAndContingencies_9c5b5436-9843-475e-8ebc-3f89333c02bc" xlink:type="arc"/>
    <link:loc xlink:type="locator" xlink:label="loc_us-gaap_LiabilitiesNoncurrent_ee335a7f-0f72-4fcc-9e8e-02d404449980" xlink:href="https://xbrl.fasb.org/us-gaap/2021/elts/us-gaap-2021-01-31.xsd#us-gaap_LiabilitiesNoncurrent"/>
    <link:calculationArc order="3" weight="1.0" xlink:arcrole="http://www.xbrl.org/2003/arcrole/summation-item" xlink:from="loc_us-gaap_LiabilitiesAndStockholdersEquity_e36e1b0a-7689-4f7d-a390-e81862bf14ee" xlink:to="loc_us-gaap_LiabilitiesNoncurrent_ee335a7f-0f72-4fcc-9e8e-02d404449980" xlink:type="arc"/>
    <link:loc xlink:type="locator" xlink:label="loc_us-gaap_MembersEquity_cde53e63-7280-429b-a2d1-84a4de294214" xlink:href="https://xbrl.fasb.org/us-gaap/2021/elts/us-gaap-2021-01-31.xsd#us-gaap_MembersEquity"/>
    <link:calculationArc order="4" weight="1.0" xlink:arcrole="http://www.xbrl.org/2003/arcrole/summation-item" xlink:from="loc_us-gaap_LiabilitiesAndStockholdersEquity_e36e1b0a-7689-4f7d-a390-e81862bf14ee" xlink:to="loc_us-gaap_MembersEquity_cde53e63-7280-429b-a2d1-84a4de294214" xlink:type="arc"/>
    <link:loc xlink:type="locator" xlink:label="loc_us-gaap_Assets_8190d2ed-b49c-4692-ab01-3aa6411a05e0" xlink:href="https://xbrl.fasb.org/us-gaap/2021/elts/us-gaap-2021-01-31.xsd#us-gaap_Assets"/>
    <link:loc xlink:type="locator" xlink:label="loc_us-gaap_PropertyPlantAndEquipmentNet_ec299da9-5b2a-4978-9993-4865735d7433" xlink:href="https://xbrl.fasb.org/us-gaap/2021/elts/us-gaap-2021-01-31.xsd#us-gaap_PropertyPlantAndEquipmentNet"/>
    <link:calculationArc order="1" weight="1.0" xlink:arcrole="http://www.xbrl.org/2003/arcrole/summation-item" xlink:from="loc_us-gaap_Assets_8190d2ed-b49c-4692-ab01-3aa6411a05e0" xlink:to="loc_us-gaap_PropertyPlantAndEquipmentNet_ec299da9-5b2a-4978-9993-4865735d7433" xlink:type="arc"/>
    <link:loc xlink:type="locator" xlink:label="loc_us-gaap_AssetsCurrent_f3df02fa-3045-4f5b-9e4d-d52bf83281fe" xlink:href="https://xbrl.fasb.org/us-gaap/2021/elts/us-gaap-2021-01-31.xsd#us-gaap_AssetsCurrent"/>
    <link:calculationArc order="2" weight="1.0" xlink:arcrole="http://www.xbrl.org/2003/arcrole/summation-item" xlink:from="loc_us-gaap_Assets_8190d2ed-b49c-4692-ab01-3aa6411a05e0" xlink:to="loc_us-gaap_AssetsCurrent_f3df02fa-3045-4f5b-9e4d-d52bf83281fe" xlink:type="arc"/>
    <link:loc xlink:type="locator" xlink:label="loc_us-gaap_OtherAssets_e78e7823-6bee-43b1-b528-aee467b2014a" xlink:href="https://xbrl.fasb.org/us-gaap/2021/elts/us-gaap-2021-01-31.xsd#us-gaap_OtherAssets"/>
    <link:calculationArc order="3" weight="1.0" xlink:arcrole="http://www.xbrl.org/2003/arcrole/summation-item" xlink:from="loc_us-gaap_Assets_8190d2ed-b49c-4692-ab01-3aa6411a05e0" xlink:to="loc_us-gaap_OtherAssets_e78e7823-6bee-43b1-b528-aee467b2014a" xlink:type="arc"/>
    <link:loc xlink:type="locator" xlink:label="loc_us-gaap_AssetsCurrent_0471275f-1e69-448e-8cdc-fc55b883d5aa" xlink:href="https://xbrl.fasb.org/us-gaap/2021/elts/us-gaap-2021-01-31.xsd#us-gaap_AssetsCurrent"/>
    <link:loc xlink:type="locator" xlink:label="loc_us-gaap_CashAndCashEquivalentsAtCarryingValue_5584f5f1-43f3-4fff-baab-e39172f0c6f1" xlink:href="https://xbrl.fasb.org/us-gaap/2021/elts/us-gaap-2021-01-31.xsd#us-gaap_CashAndCashEquivalentsAtCarryingValue"/>
    <link:calculationArc order="1" weight="1.0" xlink:arcrole="http://www.xbrl.org/2003/arcrole/summation-item" xlink:from="loc_us-gaap_AssetsCurrent_0471275f-1e69-448e-8cdc-fc55b883d5aa" xlink:to="loc_us-gaap_CashAndCashEquivalentsAtCarryingValue_5584f5f1-43f3-4fff-baab-e39172f0c6f1" xlink:type="arc"/>
    <link:loc xlink:type="locator" xlink:label="loc_us-gaap_MarketableSecuritiesCurrent_283b8486-f307-4971-95c9-e56ca1359d87" xlink:href="https://xbrl.fasb.org/us-gaap/2021/elts/us-gaap-2021-01-31.xsd#us-gaap_MarketableSecuritiesCurrent"/>
    <link:calculationArc order="2" weight="1.0" xlink:arcrole="http://www.xbrl.org/2003/arcrole/summation-item" xlink:from="loc_us-gaap_AssetsCurrent_0471275f-1e69-448e-8cdc-fc55b883d5aa" xlink:to="loc_us-gaap_MarketableSecuritiesCurrent_283b8486-f307-4971-95c9-e56ca1359d87" xlink:type="arc"/>
    <link:loc xlink:type="locator" xlink:label="loc_us-gaap_AccountsReceivableNetCurrent_6a584f71-ed5a-42a8-b68f-e4e7cf340e22" xlink:href="https://xbrl.fasb.org/us-gaap/2021/elts/us-gaap-2021-01-31.xsd#us-gaap_AccountsReceivableNetCurrent"/>
    <link:calculationArc order="3" weight="1.0" xlink:arcrole="http://www.xbrl.org/2003/arcrole/summation-item" xlink:from="loc_us-gaap_AssetsCurrent_0471275f-1e69-448e-8cdc-fc55b883d5aa" xlink:to="loc_us-gaap_AccountsReceivableNetCurrent_6a584f71-ed5a-42a8-b68f-e4e7cf340e22" xlink:type="arc"/>
    <link:loc xlink:type="locator" xlink:label="loc_us-gaap_OtherReceivables_1229e1f8-f769-4196-bb9d-ee252fdfac26" xlink:href="https://xbrl.fasb.org/us-gaap/2021/elts/us-gaap-2021-01-31.xsd#us-gaap_OtherReceivables"/>
    <link:calculationArc order="4" weight="1.0" xlink:arcrole="http://www.xbrl.org/2003/arcrole/summation-item" xlink:from="loc_us-gaap_AssetsCurrent_0471275f-1e69-448e-8cdc-fc55b883d5aa" xlink:to="loc_us-gaap_OtherReceivables_1229e1f8-f769-4196-bb9d-ee252fdfac26" xlink:type="arc"/>
    <link:loc xlink:type="locator" xlink:label="loc_us-gaap_DerivativeInstrumentsAndHedges_82778e2f-aaa7-4866-bd2f-4d27654117b4" xlink:href="https://xbrl.fasb.org/us-gaap/2021/elts/us-gaap-2021-01-31.xsd#us-gaap_DerivativeInstrumentsAndHedges"/>
    <link:calculationArc order="5" weight="1.0" xlink:arcrole="http://www.xbrl.org/2003/arcrole/summation-item" xlink:from="loc_us-gaap_AssetsCurrent_0471275f-1e69-448e-8cdc-fc55b883d5aa" xlink:to="loc_us-gaap_DerivativeInstrumentsAndHedges_82778e2f-aaa7-4866-bd2f-4d27654117b4" xlink:type="arc"/>
    <link:loc xlink:type="locator" xlink:label="loc_us-gaap_InventoryNet_84f87e99-b320-4ed2-b59e-02cb8b9eea56" xlink:href="https://xbrl.fasb.org/us-gaap/2021/elts/us-gaap-2021-01-31.xsd#us-gaap_InventoryNet"/>
    <link:calculationArc order="6" weight="1.0" xlink:arcrole="http://www.xbrl.org/2003/arcrole/summation-item" xlink:from="loc_us-gaap_AssetsCurrent_0471275f-1e69-448e-8cdc-fc55b883d5aa" xlink:to="loc_us-gaap_InventoryNet_84f87e99-b320-4ed2-b59e-02cb8b9eea56" xlink:type="arc"/>
    <link:loc xlink:type="locator" xlink:label="loc_us-gaap_PrepaidExpenseAndOtherAssetsCurrent_29fa1931-2810-45c1-926b-8d97ddd27c7f" xlink:href="https://xbrl.fasb.org/us-gaap/2021/elts/us-gaap-2021-01-31.xsd#us-gaap_PrepaidExpenseAndOtherAssetsCurrent"/>
    <link:calculationArc order="7" weight="1.0" xlink:arcrole="http://www.xbrl.org/2003/arcrole/summation-item" xlink:from="loc_us-gaap_AssetsCurrent_0471275f-1e69-448e-8cdc-fc55b883d5aa" xlink:to="loc_us-gaap_PrepaidExpenseAndOtherAssetsCurrent_29fa1931-2810-45c1-926b-8d97ddd27c7f" xlink:type="arc"/>
    <link:loc xlink:type="locator" xlink:label="loc_us-gaap_PropertyPlantAndEquipmentNet_99292b74-29c0-495e-9709-f21b3acac421" xlink:href="https://xbrl.fasb.org/us-gaap/2021/elts/us-gaap-2021-01-31.xsd#us-gaap_PropertyPlantAndEquipmentNet"/>
    <link:loc xlink:type="locator" xlink:label="loc_us-gaap_PropertyPlantAndEquipmentGross_ce41f0d6-6971-4c60-a329-1a0016fc53b6" xlink:href="https://xbrl.fasb.org/us-gaap/2021/elts/us-gaap-2021-01-31.xsd#us-gaap_PropertyPlantAndEquipmentGross"/>
    <link:calculationArc order="1" weight="1.0" xlink:arcrole="http://www.xbrl.org/2003/arcrole/summation-item" xlink:from="loc_us-gaap_PropertyPlantAndEquipmentNet_99292b74-29c0-495e-9709-f21b3acac421" xlink:to="loc_us-gaap_PropertyPlantAndEquipmentGross_ce41f0d6-6971-4c60-a329-1a0016fc53b6" xlink:type="arc"/>
    <link:loc xlink:type="locator" xlink:label="loc_us-gaap_AccumulatedDepreciationDepletionAndAmortizationPropertyPlantAndEquipment_87ae5bb0-17ef-42e0-ad2c-9113234b1d6a" xlink:href="https://xbrl.fasb.org/us-gaap/2021/elts/us-gaap-2021-01-31.xsd#us-gaap_AccumulatedDepreciationDepletionAndAmortizationPropertyPlantAndEquipment"/>
    <link:calculationArc order="2" weight="-1.0" xlink:arcrole="http://www.xbrl.org/2003/arcrole/summation-item" xlink:from="loc_us-gaap_PropertyPlantAndEquipmentNet_99292b74-29c0-495e-9709-f21b3acac421" xlink:to="loc_us-gaap_AccumulatedDepreciationDepletionAndAmortizationPropertyPlantAndEquipment_87ae5bb0-17ef-42e0-ad2c-9113234b1d6a" xlink:type="arc"/>
    <link:loc xlink:type="locator" xlink:label="loc_us-gaap_PropertyPlantAndEquipmentGross_3444771c-f150-4b27-aa74-99543240a4ad" xlink:href="https://xbrl.fasb.org/us-gaap/2021/elts/us-gaap-2021-01-31.xsd#us-gaap_PropertyPlantAndEquipmentGross"/>
    <link:loc xlink:type="locator" xlink:label="loc_us-gaap_LandAndLandImprovements_7468bf65-8727-49ce-bb2a-fc538e660b9a" xlink:href="https://xbrl.fasb.org/us-gaap/2021/elts/us-gaap-2021-01-31.xsd#us-gaap_LandAndLandImprovements"/>
    <link:calculationArc order="1" weight="1.0" xlink:arcrole="http://www.xbrl.org/2003/arcrole/summation-item" xlink:from="loc_us-gaap_PropertyPlantAndEquipmentGross_3444771c-f150-4b27-aa74-99543240a4ad" xlink:to="loc_us-gaap_LandAndLandImprovements_7468bf65-8727-49ce-bb2a-fc538e660b9a" xlink:type="arc"/>
    <link:loc xlink:type="locator" xlink:label="loc_us-gaap_BuildingsAndImprovementsGross_a9f9ecae-d87b-414f-9ad1-ae6f678b9dcf" xlink:href="https://xbrl.fasb.org/us-gaap/2021/elts/us-gaap-2021-01-31.xsd#us-gaap_BuildingsAndImprovementsGross"/>
    <link:calculationArc order="2" weight="1.0" xlink:arcrole="http://www.xbrl.org/2003/arcrole/summation-item" xlink:from="loc_us-gaap_PropertyPlantAndEquipmentGross_3444771c-f150-4b27-aa74-99543240a4ad" xlink:to="loc_us-gaap_BuildingsAndImprovementsGross_a9f9ecae-d87b-414f-9ad1-ae6f678b9dcf" xlink:type="arc"/>
    <link:loc xlink:type="locator" xlink:label="loc_us-gaap_PropertyPlantAndEquipmentOther_af8c11ab-49c4-487c-be08-c8badbc42a30" xlink:href="https://xbrl.fasb.org/us-gaap/2021/elts/us-gaap-2021-01-31.xsd#us-gaap_PropertyPlantAndEquipmentOther"/>
    <link:calculationArc order="3" weight="1.0" xlink:arcrole="http://www.xbrl.org/2003/arcrole/summation-item" xlink:from="loc_us-gaap_PropertyPlantAndEquipmentGross_3444771c-f150-4b27-aa74-99543240a4ad" xlink:to="loc_us-gaap_PropertyPlantAndEquipmentOther_af8c11ab-49c4-487c-be08-c8badbc42a30" xlink:type="arc"/>
    <link:loc xlink:type="locator" xlink:label="loc_us-gaap_FurnitureAndFixturesGross_c169a32e-5a30-4e58-82e6-c42bc7e4668b" xlink:href="https://xbrl.fasb.org/us-gaap/2021/elts/us-gaap-2021-01-31.xsd#us-gaap_FurnitureAndFixturesGross"/>
    <link:calculationArc order="4" weight="1.0" xlink:arcrole="http://www.xbrl.org/2003/arcrole/summation-item" xlink:from="loc_us-gaap_PropertyPlantAndEquipmentGross_3444771c-f150-4b27-aa74-99543240a4ad" xlink:to="loc_us-gaap_FurnitureAndFixturesGross_c169a32e-5a30-4e58-82e6-c42bc7e4668b" xlink:type="arc"/>
    <link:loc xlink:type="locator" xlink:label="loc_us-gaap_MachineryAndEquipmentGross_332a6b51-7572-42ba-aa77-b5908f24ebe8" xlink:href="https://xbrl.fasb.org/us-gaap/2021/elts/us-gaap-2021-01-31.xsd#us-gaap_MachineryAndEquipmentGross"/>
    <link:calculationArc order="5" weight="1.0" xlink:arcrole="http://www.xbrl.org/2003/arcrole/summation-item" xlink:from="loc_us-gaap_PropertyPlantAndEquipmentGross_3444771c-f150-4b27-aa74-99543240a4ad" xlink:to="loc_us-gaap_MachineryAndEquipmentGross_332a6b51-7572-42ba-aa77-b5908f24ebe8" xlink:type="arc"/>
    <link:loc xlink:type="locator" xlink:label="loc_us-gaap_ConstructionInProgressGross_5483d0fc-1236-4706-aefc-d4147148933d" xlink:href="https://xbrl.fasb.org/us-gaap/2021/elts/us-gaap-2021-01-31.xsd#us-gaap_ConstructionInProgressGross"/>
    <link:calculationArc order="6" weight="1.0" xlink:arcrole="http://www.xbrl.org/2003/arcrole/summation-item" xlink:from="loc_us-gaap_PropertyPlantAndEquipmentGross_3444771c-f150-4b27-aa74-99543240a4ad" xlink:to="loc_us-gaap_ConstructionInProgressGross_5483d0fc-1236-4706-aefc-d4147148933d" xlink:type="arc"/>
  </link:calculationLink>
  <link:roleRef roleURI="http://www.goldengrainenergy.com/role/StatementofOperations" xlink:type="simple" xlink:href="gold-20211031.xsd#StatementofOperations"/>
  <link:calculationLink xlink:role="http://www.goldengrainenergy.com/role/StatementofOperations" xlink:type="extended">
    <link:loc xlink:type="locator" xlink:label="loc_us-gaap_GrossProfit_e61c48e0-c8ee-4e04-b3f2-6548b7d2fb02" xlink:href="https://xbrl.fasb.org/us-gaap/2021/elts/us-gaap-2021-01-31.xsd#us-gaap_GrossProfit"/>
    <link:loc xlink:type="locator" xlink:label="loc_us-gaap_CostOfGoodsAndServicesSold_fc37045e-7df8-40fa-bc81-1c1852fffbfc" xlink:href="https://xbrl.fasb.org/us-gaap/2021/elts/us-gaap-2021-01-31.xsd#us-gaap_CostOfGoodsAndServicesSold"/>
    <link:calculationArc order="1" weight="-1.0" xlink:arcrole="http://www.xbrl.org/2003/arcrole/summation-item" xlink:from="loc_us-gaap_GrossProfit_e61c48e0-c8ee-4e04-b3f2-6548b7d2fb02" xlink:to="loc_us-gaap_CostOfGoodsAndServicesSold_fc37045e-7df8-40fa-bc81-1c1852fffbfc" xlink:type="arc"/>
    <link:loc xlink:type="locator" xlink:label="loc_us-gaap_Revenues_ba1921b8-114f-4ce0-8b8f-35d33cddbd3d" xlink:href="https://xbrl.fasb.org/us-gaap/2021/elts/us-gaap-2021-01-31.xsd#us-gaap_Revenues"/>
    <link:calculationArc order="2" weight="1.0" xlink:arcrole="http://www.xbrl.org/2003/arcrole/summation-item" xlink:from="loc_us-gaap_GrossProfit_e61c48e0-c8ee-4e04-b3f2-6548b7d2fb02" xlink:to="loc_us-gaap_Revenues_ba1921b8-114f-4ce0-8b8f-35d33cddbd3d" xlink:type="arc"/>
    <link:loc xlink:type="locator" xlink:label="loc_us-gaap_OperatingIncomeLoss_37968538-8f38-4971-9556-ed0b8ef940ac" xlink:href="https://xbrl.fasb.org/us-gaap/2021/elts/us-gaap-2021-01-31.xsd#us-gaap_OperatingIncomeLoss"/>
    <link:loc xlink:type="locator" xlink:label="loc_us-gaap_GrossProfit_84b6b63c-328b-4f37-b066-21e3323d540d" xlink:href="https://xbrl.fasb.org/us-gaap/2021/elts/us-gaap-2021-01-31.xsd#us-gaap_GrossProfit"/>
    <link:calculationArc order="1" weight="1.0" xlink:arcrole="http://www.xbrl.org/2003/arcrole/summation-item" xlink:from="loc_us-gaap_OperatingIncomeLoss_37968538-8f38-4971-9556-ed0b8ef940ac" xlink:to="loc_us-gaap_GrossProfit_84b6b63c-328b-4f37-b066-21e3323d540d" xlink:type="arc"/>
    <link:loc xlink:type="locator" xlink:label="loc_us-gaap_OperatingExpenses_17f46b80-fb71-4964-bce2-d4d5f8663bd7" xlink:href="https://xbrl.fasb.org/us-gaap/2021/elts/us-gaap-2021-01-31.xsd#us-gaap_OperatingExpenses"/>
    <link:calculationArc order="2" weight="-1.0" xlink:arcrole="http://www.xbrl.org/2003/arcrole/summation-item" xlink:from="loc_us-gaap_OperatingIncomeLoss_37968538-8f38-4971-9556-ed0b8ef940ac" xlink:to="loc_us-gaap_OperatingExpenses_17f46b80-fb71-4964-bce2-d4d5f8663bd7" xlink:type="arc"/>
    <link:loc xlink:type="locator" xlink:label="loc_us-gaap_OtherNonoperatingIncomeExpense_b4e0857d-4d16-4a9e-9b38-d4aa94b8d318" xlink:href="https://xbrl.fasb.org/us-gaap/2021/elts/us-gaap-2021-01-31.xsd#us-gaap_OtherNonoperatingIncomeExpense"/>
    <link:loc xlink:type="locator" xlink:label="loc_us-gaap_InterestIncomeExpenseNet_36f91f7a-22c2-40ab-81b4-952f79780307" xlink:href="https://xbrl.fasb.org/us-gaap/2021/elts/us-gaap-2021-01-31.xsd#us-gaap_InterestIncomeExpenseNet"/>
    <link:calculationArc order="1" weight="1.0" xlink:arcrole="http://www.xbrl.org/2003/arcrole/summation-item" xlink:from="loc_us-gaap_OtherNonoperatingIncomeExpense_b4e0857d-4d16-4a9e-9b38-d4aa94b8d318" xlink:to="loc_us-gaap_InterestIncomeExpenseNet_36f91f7a-22c2-40ab-81b4-952f79780307" xlink:type="arc"/>
    <link:loc xlink:type="locator" xlink:label="loc_us-gaap_IncomeLossFromEquityMethodInvestments_476de822-4477-4ed5-8b91-b10f58e1ad78" xlink:href="https://xbrl.fasb.org/us-gaap/2021/elts/us-gaap-2021-01-31.xsd#us-gaap_IncomeLossFromEquityMethodInvestments"/>
    <link:calculationArc order="2" weight="1.0" xlink:arcrole="http://www.xbrl.org/2003/arcrole/summation-item" xlink:from="loc_us-gaap_OtherNonoperatingIncomeExpense_b4e0857d-4d16-4a9e-9b38-d4aa94b8d318" xlink:to="loc_us-gaap_IncomeLossFromEquityMethodInvestments_476de822-4477-4ed5-8b91-b10f58e1ad78" xlink:type="arc"/>
    <link:loc xlink:type="locator" xlink:label="loc_us-gaap_OtherIncome_dc6a6df7-a083-4c74-be85-264881d8be75" xlink:href="https://xbrl.fasb.org/us-gaap/2021/elts/us-gaap-2021-01-31.xsd#us-gaap_OtherIncome"/>
    <link:calculationArc order="3" weight="1.0" xlink:arcrole="http://www.xbrl.org/2003/arcrole/summation-item" xlink:from="loc_us-gaap_OtherNonoperatingIncomeExpense_b4e0857d-4d16-4a9e-9b38-d4aa94b8d318" xlink:to="loc_us-gaap_OtherIncome_dc6a6df7-a083-4c74-be85-264881d8be75" xlink:type="arc"/>
    <link:loc xlink:type="locator" xlink:label="loc_us-gaap_GainsLossesOnExtinguishmentOfDebt_05ecdc68-080d-430f-b18b-5e004dc2ed6d" xlink:href="https://xbrl.fasb.org/us-gaap/2021/elts/us-gaap-2021-01-31.xsd#us-gaap_GainsLossesOnExtinguishmentOfDebt"/>
    <link:calculationArc order="4" weight="1.0" xlink:arcrole="http://www.xbrl.org/2003/arcrole/summation-item" xlink:from="loc_us-gaap_OtherNonoperatingIncomeExpense_b4e0857d-4d16-4a9e-9b38-d4aa94b8d318" xlink:to="loc_us-gaap_GainsLossesOnExtinguishmentOfDebt_05ecdc68-080d-430f-b18b-5e004dc2ed6d" xlink:type="arc"/>
    <link:loc xlink:type="locator" xlink:label="loc_us-gaap_NetIncomeLoss_75e1792c-e3b2-4381-918b-ae5266a5a353" xlink:href="https://xbrl.fasb.org/us-gaap/2021/elts/us-gaap-2021-01-31.xsd#us-gaap_NetIncomeLoss"/>
    <link:loc xlink:type="locator" xlink:label="loc_us-gaap_OtherNonoperatingIncomeExpense_1c596d9a-cbb7-4c96-9ae2-24eb800dd9d3" xlink:href="https://xbrl.fasb.org/us-gaap/2021/elts/us-gaap-2021-01-31.xsd#us-gaap_OtherNonoperatingIncomeExpense"/>
    <link:calculationArc order="1" weight="1.0" xlink:arcrole="http://www.xbrl.org/2003/arcrole/summation-item" xlink:from="loc_us-gaap_NetIncomeLoss_75e1792c-e3b2-4381-918b-ae5266a5a353" xlink:to="loc_us-gaap_OtherNonoperatingIncomeExpense_1c596d9a-cbb7-4c96-9ae2-24eb800dd9d3" xlink:type="arc"/>
    <link:loc xlink:type="locator" xlink:label="loc_us-gaap_OperatingIncomeLoss_19740c37-8872-4359-b39c-ca9a7bed3d2e" xlink:href="https://xbrl.fasb.org/us-gaap/2021/elts/us-gaap-2021-01-31.xsd#us-gaap_OperatingIncomeLoss"/>
    <link:calculationArc order="2" weight="1.0" xlink:arcrole="http://www.xbrl.org/2003/arcrole/summation-item" xlink:from="loc_us-gaap_NetIncomeLoss_75e1792c-e3b2-4381-918b-ae5266a5a353" xlink:to="loc_us-gaap_OperatingIncomeLoss_19740c37-8872-4359-b39c-ca9a7bed3d2e" xlink:type="arc"/>
  </link:calculationLink>
  <link:roleRef roleURI="http://www.goldengrainenergy.com/role/StatementofCashFlows" xlink:type="simple" xlink:href="gold-20211031.xsd#StatementofCashFlows"/>
  <link:calculationLink xlink:role="http://www.goldengrainenergy.com/role/StatementofCashFlows" xlink:type="extended">
    <link:loc xlink:type="locator" xlink:label="loc_us-gaap_NetCashProvidedByUsedInFinancingActivities_b77b05c6-3a04-4d5c-89c1-14d3fda63976" xlink:href="https://xbrl.fasb.org/us-gaap/2021/elts/us-gaap-2021-01-31.xsd#us-gaap_NetCashProvidedByUsedInFinancingActivities"/>
    <link:loc xlink:type="locator" xlink:label="loc_us-gaap_ProceedsFromIssuanceOfLongTermDebt_61b31baa-8954-485b-98df-b31e11178282" xlink:href="https://xbrl.fasb.org/us-gaap/2021/elts/us-gaap-2021-01-31.xsd#us-gaap_ProceedsFromIssuanceOfLongTermDebt"/>
    <link:calculationArc order="1" weight="1.0" xlink:arcrole="http://www.xbrl.org/2003/arcrole/summation-item" xlink:from="loc_us-gaap_NetCashProvidedByUsedInFinancingActivities_b77b05c6-3a04-4d5c-89c1-14d3fda63976" xlink:to="loc_us-gaap_ProceedsFromIssuanceOfLongTermDebt_61b31baa-8954-485b-98df-b31e11178282" xlink:type="arc"/>
    <link:loc xlink:type="locator" xlink:label="loc_us-gaap_PaymentsOfDebtIssuanceCosts_b6a58ada-2080-416a-85c9-549666f80493" xlink:href="https://xbrl.fasb.org/us-gaap/2021/elts/us-gaap-2021-01-31.xsd#us-gaap_PaymentsOfDebtIssuanceCosts"/>
    <link:calculationArc order="2" weight="-1.0" xlink:arcrole="http://www.xbrl.org/2003/arcrole/summation-item" xlink:from="loc_us-gaap_NetCashProvidedByUsedInFinancingActivities_b77b05c6-3a04-4d5c-89c1-14d3fda63976" xlink:to="loc_us-gaap_PaymentsOfDebtIssuanceCosts_b6a58ada-2080-416a-85c9-549666f80493" xlink:type="arc"/>
    <link:loc xlink:type="locator" xlink:label="loc_us-gaap_PaymentsOfDividends_a5d61340-c93d-4474-ba22-fc2d9868caf1" xlink:href="https://xbrl.fasb.org/us-gaap/2021/elts/us-gaap-2021-01-31.xsd#us-gaap_PaymentsOfDividends"/>
    <link:calculationArc order="3" weight="-1.0" xlink:arcrole="http://www.xbrl.org/2003/arcrole/summation-item" xlink:from="loc_us-gaap_NetCashProvidedByUsedInFinancingActivities_b77b05c6-3a04-4d5c-89c1-14d3fda63976" xlink:to="loc_us-gaap_PaymentsOfDividends_a5d61340-c93d-4474-ba22-fc2d9868caf1" xlink:type="arc"/>
    <link:loc xlink:type="locator" xlink:label="loc_us-gaap_ProceedsFromPaymentsForOtherFinancingActivities_42ed68f5-c932-428d-948f-3d2618ebc3f7" xlink:href="https://xbrl.fasb.org/us-gaap/2021/elts/us-gaap-2021-01-31.xsd#us-gaap_ProceedsFromPaymentsForOtherFinancingActivities"/>
    <link:calculationArc order="4" weight="1.0" xlink:arcrole="http://www.xbrl.org/2003/arcrole/summation-item" xlink:from="loc_us-gaap_NetCashProvidedByUsedInFinancingActivities_b77b05c6-3a04-4d5c-89c1-14d3fda63976" xlink:to="loc_us-gaap_ProceedsFromPaymentsForOtherFinancingActivities_42ed68f5-c932-428d-948f-3d2618ebc3f7" xlink:type="arc"/>
    <link:loc xlink:type="locator" xlink:label="loc_us-gaap_NetCashProvidedByUsedInInvestingActivities_360a7f89-0579-42f1-ac1c-7342e9eff7c4" xlink:href="https://xbrl.fasb.org/us-gaap/2021/elts/us-gaap-2021-01-31.xsd#us-gaap_NetCashProvidedByUsedInInvestingActivities"/>
    <link:loc xlink:type="locator" xlink:label="loc_us-gaap_PaymentsToAcquirePropertyPlantAndEquipment_1653f457-d99a-460b-b513-d4448be32e6c" xlink:href="https://xbrl.fasb.org/us-gaap/2021/elts/us-gaap-2021-01-31.xsd#us-gaap_PaymentsToAcquirePropertyPlantAndEquipment"/>
    <link:calculationArc order="1" weight="-1.0" xlink:arcrole="http://www.xbrl.org/2003/arcrole/summation-item" xlink:from="loc_us-gaap_NetCashProvidedByUsedInInvestingActivities_360a7f89-0579-42f1-ac1c-7342e9eff7c4" xlink:to="loc_us-gaap_PaymentsToAcquirePropertyPlantAndEquipment_1653f457-d99a-460b-b513-d4448be32e6c" xlink:type="arc"/>
    <link:loc xlink:type="locator" xlink:label="loc_us-gaap_ProceedsFromSaleAndMaturityOfMarketableSecurities_2064892d-76dd-4e5d-9819-9b83a8743ee6" xlink:href="https://xbrl.fasb.org/us-gaap/2021/elts/us-gaap-2021-01-31.xsd#us-gaap_ProceedsFromSaleAndMaturityOfMarketableSecurities"/>
    <link:calculationArc order="2" weight="1.0" xlink:arcrole="http://www.xbrl.org/2003/arcrole/summation-item" xlink:from="loc_us-gaap_NetCashProvidedByUsedInInvestingActivities_360a7f89-0579-42f1-ac1c-7342e9eff7c4" xlink:to="loc_us-gaap_ProceedsFromSaleAndMaturityOfMarketableSecurities_2064892d-76dd-4e5d-9819-9b83a8743ee6" xlink:type="arc"/>
    <link:loc xlink:type="locator" xlink:label="loc_us-gaap_PaymentsToAcquireMarketableSecurities_6bdce9ec-9ab3-4f59-b433-0e2d9579c30e" xlink:href="https://xbrl.fasb.org/us-gaap/2021/elts/us-gaap-2021-01-31.xsd#us-gaap_PaymentsToAcquireMarketableSecurities"/>
    <link:calculationArc order="3" weight="-1.0" xlink:arcrole="http://www.xbrl.org/2003/arcrole/summation-item" xlink:from="loc_us-gaap_NetCashProvidedByUsedInInvestingActivities_360a7f89-0579-42f1-ac1c-7342e9eff7c4" xlink:to="loc_us-gaap_PaymentsToAcquireMarketableSecurities_6bdce9ec-9ab3-4f59-b433-0e2d9579c30e" xlink:type="arc"/>
    <link:loc xlink:type="locator" xlink:label="loc_us-gaap_ProceedsFromSaleOfProductiveAssets_90ba0c51-2e2a-4096-97ac-38094473ec71" xlink:href="https://xbrl.fasb.org/us-gaap/2021/elts/us-gaap-2021-01-31.xsd#us-gaap_ProceedsFromSaleOfProductiveAssets"/>
    <link:calculationArc order="4" weight="1.0" xlink:arcrole="http://www.xbrl.org/2003/arcrole/summation-item" xlink:from="loc_us-gaap_NetCashProvidedByUsedInInvestingActivities_360a7f89-0579-42f1-ac1c-7342e9eff7c4" xlink:to="loc_us-gaap_ProceedsFromSaleOfProductiveAssets_90ba0c51-2e2a-4096-97ac-38094473ec71" xlink:type="arc"/>
    <link:loc xlink:type="locator" xlink:label="loc_us-gaap_CashAndCashEquivalentsPeriodIncreaseDecrease_9071b6c4-7de8-4df2-98cf-fbd9b335710b" xlink:href="https://xbrl.fasb.org/us-gaap/2021/elts/us-gaap-2021-01-31.xsd#us-gaap_CashAndCashEquivalentsPeriodIncreaseDecrease"/>
    <link:loc xlink:type="locator" xlink:label="loc_us-gaap_NetCashProvidedByUsedInOperatingActivities_d2c71b24-3d7c-4644-8eed-c163aa7cb4aa" xlink:href="https://xbrl.fasb.org/us-gaap/2021/elts/us-gaap-2021-01-31.xsd#us-gaap_NetCashProvidedByUsedInOperatingActivities"/>
    <link:calculationArc order="1" weight="1.0" xlink:arcrole="http://www.xbrl.org/2003/arcrole/summation-item" xlink:from="loc_us-gaap_CashAndCashEquivalentsPeriodIncreaseDecrease_9071b6c4-7de8-4df2-98cf-fbd9b335710b" xlink:to="loc_us-gaap_NetCashProvidedByUsedInOperatingActivities_d2c71b24-3d7c-4644-8eed-c163aa7cb4aa" xlink:type="arc"/>
    <link:loc xlink:type="locator" xlink:label="loc_us-gaap_NetCashProvidedByUsedInInvestingActivities_860a551c-90ff-4c75-984d-3b1e33e19f5d" xlink:href="https://xbrl.fasb.org/us-gaap/2021/elts/us-gaap-2021-01-31.xsd#us-gaap_NetCashProvidedByUsedInInvestingActivities"/>
    <link:calculationArc order="2" weight="1.0" xlink:arcrole="http://www.xbrl.org/2003/arcrole/summation-item" xlink:from="loc_us-gaap_CashAndCashEquivalentsPeriodIncreaseDecrease_9071b6c4-7de8-4df2-98cf-fbd9b335710b" xlink:to="loc_us-gaap_NetCashProvidedByUsedInInvestingActivities_860a551c-90ff-4c75-984d-3b1e33e19f5d" xlink:type="arc"/>
    <link:loc xlink:type="locator" xlink:label="loc_us-gaap_NetCashProvidedByUsedInFinancingActivities_c6b032bd-f5f2-435b-837b-c8ae9dd86eb9" xlink:href="https://xbrl.fasb.org/us-gaap/2021/elts/us-gaap-2021-01-31.xsd#us-gaap_NetCashProvidedByUsedInFinancingActivities"/>
    <link:calculationArc order="3" weight="1.0" xlink:arcrole="http://www.xbrl.org/2003/arcrole/summation-item" xlink:from="loc_us-gaap_CashAndCashEquivalentsPeriodIncreaseDecrease_9071b6c4-7de8-4df2-98cf-fbd9b335710b" xlink:to="loc_us-gaap_NetCashProvidedByUsedInFinancingActivities_c6b032bd-f5f2-435b-837b-c8ae9dd86eb9" xlink:type="arc"/>
    <link:loc xlink:type="locator" xlink:label="loc_us-gaap_NetCashProvidedByUsedInOperatingActivities_dcfb70f1-046b-4353-a33e-ad682765f5da" xlink:href="https://xbrl.fasb.org/us-gaap/2021/elts/us-gaap-2021-01-31.xsd#us-gaap_NetCashProvidedByUsedInOperatingActivities"/>
    <link:loc xlink:type="locator" xlink:label="loc_us-gaap_IncomeLossFromEquityMethodInvestmentsNetOfDividendsOrDistributions_547f8bd4-e329-4cee-b0ae-a9a596723e47" xlink:href="https://xbrl.fasb.org/us-gaap/2021/elts/us-gaap-2021-01-31.xsd#us-gaap_IncomeLossFromEquityMethodInvestmentsNetOfDividendsOrDistributions"/>
    <link:calculationArc order="1" weight="-1.0" xlink:arcrole="http://www.xbrl.org/2003/arcrole/summation-item" xlink:from="loc_us-gaap_NetCashProvidedByUsedInOperatingActivities_dcfb70f1-046b-4353-a33e-ad682765f5da" xlink:to="loc_us-gaap_IncomeLossFromEquityMethodInvestmentsNetOfDividendsOrDistributions_547f8bd4-e329-4cee-b0ae-a9a596723e47" xlink:type="arc"/>
    <link:loc xlink:type="locator" xlink:label="loc_us-gaap_IncreaseDecreaseInInventories_4ae10843-113d-4d25-b552-aadfd87de6a6" xlink:href="https://xbrl.fasb.org/us-gaap/2021/elts/us-gaap-2021-01-31.xsd#us-gaap_IncreaseDecreaseInInventories"/>
    <link:calculationArc order="2" weight="-1.0" xlink:arcrole="http://www.xbrl.org/2003/arcrole/summation-item" xlink:from="loc_us-gaap_NetCashProvidedByUsedInOperatingActivities_dcfb70f1-046b-4353-a33e-ad682765f5da" xlink:to="loc_us-gaap_IncreaseDecreaseInInventories_4ae10843-113d-4d25-b552-aadfd87de6a6" xlink:type="arc"/>
    <link:loc xlink:type="locator" xlink:label="loc_us-gaap_AccretionAmortizationOfDiscountsAndPremiumsInvestments_c0ef9aac-941a-4b1f-9e85-f2da3af0d152" xlink:href="https://xbrl.fasb.org/us-gaap/2021/elts/us-gaap-2021-01-31.xsd#us-gaap_AccretionAmortizationOfDiscountsAndPremiumsInvestments"/>
    <link:calculationArc order="3" weight="-1.0" xlink:arcrole="http://www.xbrl.org/2003/arcrole/summation-item" xlink:from="loc_us-gaap_NetCashProvidedByUsedInOperatingActivities_dcfb70f1-046b-4353-a33e-ad682765f5da" xlink:to="loc_us-gaap_AccretionAmortizationOfDiscountsAndPremiumsInvestments_c0ef9aac-941a-4b1f-9e85-f2da3af0d152" xlink:type="arc"/>
    <link:loc xlink:type="locator" xlink:label="loc_us-gaap_AmortizationOfFinancingCosts_cc41bc72-09ae-4936-b29b-42a5817ccd3a" xlink:href="https://xbrl.fasb.org/us-gaap/2021/elts/us-gaap-2021-01-31.xsd#us-gaap_AmortizationOfFinancingCosts"/>
    <link:calculationArc order="4" weight="1.0" xlink:arcrole="http://www.xbrl.org/2003/arcrole/summation-item" xlink:from="loc_us-gaap_NetCashProvidedByUsedInOperatingActivities_dcfb70f1-046b-4353-a33e-ad682765f5da" xlink:to="loc_us-gaap_AmortizationOfFinancingCosts_cc41bc72-09ae-4936-b29b-42a5817ccd3a" xlink:type="arc"/>
    <link:loc xlink:type="locator" xlink:label="loc_us-gaap_DepreciationDepletionAndAmortization_9ff6d887-ac51-43e5-9ccb-9ccd87c99977" xlink:href="https://xbrl.fasb.org/us-gaap/2021/elts/us-gaap-2021-01-31.xsd#us-gaap_DepreciationDepletionAndAmortization"/>
    <link:calculationArc order="5" weight="1.0" xlink:arcrole="http://www.xbrl.org/2003/arcrole/summation-item" xlink:from="loc_us-gaap_NetCashProvidedByUsedInOperatingActivities_dcfb70f1-046b-4353-a33e-ad682765f5da" xlink:to="loc_us-gaap_DepreciationDepletionAndAmortization_9ff6d887-ac51-43e5-9ccb-9ccd87c99977" xlink:type="arc"/>
    <link:loc xlink:type="locator" xlink:label="loc_us-gaap_AmortizationOfDeferredCharges_60244f33-6abb-4499-bf66-75e0caddbacf" xlink:href="https://xbrl.fasb.org/us-gaap/2021/elts/us-gaap-2021-01-31.xsd#us-gaap_AmortizationOfDeferredCharges"/>
    <link:calculationArc order="6" weight="1.0" xlink:arcrole="http://www.xbrl.org/2003/arcrole/summation-item" xlink:from="loc_us-gaap_NetCashProvidedByUsedInOperatingActivities_dcfb70f1-046b-4353-a33e-ad682765f5da" xlink:to="loc_us-gaap_AmortizationOfDeferredCharges_60244f33-6abb-4499-bf66-75e0caddbacf" xlink:type="arc"/>
    <link:loc xlink:type="locator" xlink:label="loc_us-gaap_IncreaseDecreaseInPrepaidDeferredExpenseAndOtherAssets_0a1e6d32-5d40-43b1-9b55-f0b19b0b87a6" xlink:href="https://xbrl.fasb.org/us-gaap/2021/elts/us-gaap-2021-01-31.xsd#us-gaap_IncreaseDecreaseInPrepaidDeferredExpenseAndOtherAssets"/>
    <link:calculationArc order="7" weight="-1.0" xlink:arcrole="http://www.xbrl.org/2003/arcrole/summation-item" xlink:from="loc_us-gaap_NetCashProvidedByUsedInOperatingActivities_dcfb70f1-046b-4353-a33e-ad682765f5da" xlink:to="loc_us-gaap_IncreaseDecreaseInPrepaidDeferredExpenseAndOtherAssets_0a1e6d32-5d40-43b1-9b55-f0b19b0b87a6" xlink:type="arc"/>
    <link:loc xlink:type="locator" xlink:label="loc_us-gaap_IncreaseDecreaseInOperatingLeaseLiability_07d1ea13-f9ec-4f21-aa8b-f7c80616001f" xlink:href="https://xbrl.fasb.org/us-gaap/2021/elts/us-gaap-2021-01-31.xsd#us-gaap_IncreaseDecreaseInOperatingLeaseLiability"/>
    <link:calculationArc order="8" weight="1.0" xlink:arcrole="http://www.xbrl.org/2003/arcrole/summation-item" xlink:from="loc_us-gaap_NetCashProvidedByUsedInOperatingActivities_dcfb70f1-046b-4353-a33e-ad682765f5da" xlink:to="loc_us-gaap_IncreaseDecreaseInOperatingLeaseLiability_07d1ea13-f9ec-4f21-aa8b-f7c80616001f" xlink:type="arc"/>
    <link:loc xlink:type="locator" xlink:label="loc_gold_InsuranceFromBusinessInterruption_d0d7ac54-59e2-4d41-91fb-5595fa1aac93" xlink:href="gold-20211031.xsd#gold_InsuranceFromBusinessInterruption"/>
    <link:calculationArc order="9" weight="-1.0" xlink:arcrole="http://www.xbrl.org/2003/arcrole/summation-item" xlink:from="loc_us-gaap_NetCashProvidedByUsedInOperatingActivities_dcfb70f1-046b-4353-a33e-ad682765f5da" xlink:to="loc_gold_InsuranceFromBusinessInterruption_d0d7ac54-59e2-4d41-91fb-5595fa1aac93" xlink:type="arc"/>
    <link:loc xlink:type="locator" xlink:label="loc_us-gaap_IncreaseDecreaseInAccountsReceivable_2200804c-59d7-4bfd-a64d-66528ac131bd" xlink:href="https://xbrl.fasb.org/us-gaap/2021/elts/us-gaap-2021-01-31.xsd#us-gaap_IncreaseDecreaseInAccountsReceivable"/>
    <link:calculationArc order="10" weight="-1.0" xlink:arcrole="http://www.xbrl.org/2003/arcrole/summation-item" xlink:from="loc_us-gaap_NetCashProvidedByUsedInOperatingActivities_dcfb70f1-046b-4353-a33e-ad682765f5da" xlink:to="loc_us-gaap_IncreaseDecreaseInAccountsReceivable_2200804c-59d7-4bfd-a64d-66528ac131bd" xlink:type="arc"/>
    <link:loc xlink:type="locator" xlink:label="loc_us-gaap_GainLossOnDispositionOfAssets1_ad980de0-08b7-4b48-aecc-6647fc8fab97" xlink:href="https://xbrl.fasb.org/us-gaap/2021/elts/us-gaap-2021-01-31.xsd#us-gaap_GainLossOnDispositionOfAssets1"/>
    <link:calculationArc order="11" weight="-1.0" xlink:arcrole="http://www.xbrl.org/2003/arcrole/summation-item" xlink:from="loc_us-gaap_NetCashProvidedByUsedInOperatingActivities_dcfb70f1-046b-4353-a33e-ad682765f5da" xlink:to="loc_us-gaap_GainLossOnDispositionOfAssets1_ad980de0-08b7-4b48-aecc-6647fc8fab97" xlink:type="arc"/>
    <link:loc xlink:type="locator" xlink:label="loc_us-gaap_IncreaseDecreaseInAccruedLiabilities_2f44d842-25d2-417f-8b87-711aa070a451" xlink:href="https://xbrl.fasb.org/us-gaap/2021/elts/us-gaap-2021-01-31.xsd#us-gaap_IncreaseDecreaseInAccruedLiabilities"/>
    <link:calculationArc order="12" weight="1.0" xlink:arcrole="http://www.xbrl.org/2003/arcrole/summation-item" xlink:from="loc_us-gaap_NetCashProvidedByUsedInOperatingActivities_dcfb70f1-046b-4353-a33e-ad682765f5da" xlink:to="loc_us-gaap_IncreaseDecreaseInAccruedLiabilities_2f44d842-25d2-417f-8b87-711aa070a451" xlink:type="arc"/>
    <link:loc xlink:type="locator" xlink:label="loc_us-gaap_GainsLossesOnExtinguishmentOfDebt_1bf0a1d6-2f77-46ce-af6c-ed17669daa0a" xlink:href="https://xbrl.fasb.org/us-gaap/2021/elts/us-gaap-2021-01-31.xsd#us-gaap_GainsLossesOnExtinguishmentOfDebt"/>
    <link:calculationArc order="13" weight="-1.0" xlink:arcrole="http://www.xbrl.org/2003/arcrole/summation-item" xlink:from="loc_us-gaap_NetCashProvidedByUsedInOperatingActivities_dcfb70f1-046b-4353-a33e-ad682765f5da" xlink:to="loc_us-gaap_GainsLossesOnExtinguishmentOfDebt_1bf0a1d6-2f77-46ce-af6c-ed17669daa0a" xlink:type="arc"/>
    <link:loc xlink:type="locator" xlink:label="loc_us-gaap_IncreaseDecreaseInRiskManagementAssetsAndLiabilities_cc6293fe-1f06-4589-aa4d-b2e4084ff43c" xlink:href="https://xbrl.fasb.org/us-gaap/2021/elts/us-gaap-2021-01-31.xsd#us-gaap_IncreaseDecreaseInRiskManagementAssetsAndLiabilities"/>
    <link:calculationArc order="14" weight="-1.0" xlink:arcrole="http://www.xbrl.org/2003/arcrole/summation-item" xlink:from="loc_us-gaap_NetCashProvidedByUsedInOperatingActivities_dcfb70f1-046b-4353-a33e-ad682765f5da" xlink:to="loc_us-gaap_IncreaseDecreaseInRiskManagementAssetsAndLiabilities_cc6293fe-1f06-4589-aa4d-b2e4084ff43c" xlink:type="arc"/>
    <link:loc xlink:type="locator" xlink:label="loc_us-gaap_ImpairmentOfLongLivedAssetsToBeDisposedOf_32c98e88-5be1-472e-a8f4-9a91629ce542" xlink:href="https://xbrl.fasb.org/us-gaap/2021/elts/us-gaap-2021-01-31.xsd#us-gaap_ImpairmentOfLongLivedAssetsToBeDisposedOf"/>
    <link:calculationArc order="15" weight="1.0" xlink:arcrole="http://www.xbrl.org/2003/arcrole/summation-item" xlink:from="loc_us-gaap_NetCashProvidedByUsedInOperatingActivities_dcfb70f1-046b-4353-a33e-ad682765f5da" xlink:to="loc_us-gaap_ImpairmentOfLongLivedAssetsToBeDisposedOf_32c98e88-5be1-472e-a8f4-9a91629ce542" xlink:type="arc"/>
    <link:loc xlink:type="locator" xlink:label="loc_us-gaap_NetIncomeLoss_60c4bd98-317a-4476-a4b5-7c1937636180" xlink:href="https://xbrl.fasb.org/us-gaap/2021/elts/us-gaap-2021-01-31.xsd#us-gaap_NetIncomeLoss"/>
    <link:calculationArc order="16" weight="1.0" xlink:arcrole="http://www.xbrl.org/2003/arcrole/summation-item" xlink:from="loc_us-gaap_NetCashProvidedByUsedInOperatingActivities_dcfb70f1-046b-4353-a33e-ad682765f5da" xlink:to="loc_us-gaap_NetIncomeLoss_60c4bd98-317a-4476-a4b5-7c1937636180" xlink:type="arc"/>
    <link:loc xlink:type="locator" xlink:label="loc_us-gaap_InsuredEventGainLoss_c405fdf6-3c3f-4ef1-876c-c5c6e5086589" xlink:href="https://xbrl.fasb.org/us-gaap/2021/elts/us-gaap-2021-01-31.xsd#us-gaap_InsuredEventGainLoss"/>
    <link:calculationArc order="17" weight="-1.0" xlink:arcrole="http://www.xbrl.org/2003/arcrole/summation-item" xlink:from="loc_us-gaap_NetCashProvidedByUsedInOperatingActivities_dcfb70f1-046b-4353-a33e-ad682765f5da" xlink:to="loc_us-gaap_InsuredEventGainLoss_c405fdf6-3c3f-4ef1-876c-c5c6e5086589" xlink:type="arc"/>
    <link:loc xlink:type="locator" xlink:label="loc_us-gaap_IncreaseDecreaseInAccountsPayable_6229f2a9-33d2-4476-a504-2dcfa416d439" xlink:href="https://xbrl.fasb.org/us-gaap/2021/elts/us-gaap-2021-01-31.xsd#us-gaap_IncreaseDecreaseInAccountsPayable"/>
    <link:calculationArc order="18" weight="1.0" xlink:arcrole="http://www.xbrl.org/2003/arcrole/summation-item" xlink:from="loc_us-gaap_NetCashProvidedByUsedInOperatingActivities_dcfb70f1-046b-4353-a33e-ad682765f5da" xlink:to="loc_us-gaap_IncreaseDecreaseInAccountsPayable_6229f2a9-33d2-4476-a504-2dcfa416d439" xlink:type="arc"/>
    <link:loc xlink:type="locator" xlink:label="loc_us-gaap_ShareBasedCompensation_927a7292-55a3-41c1-9cb5-d16ccd30e917" xlink:href="https://xbrl.fasb.org/us-gaap/2021/elts/us-gaap-2021-01-31.xsd#us-gaap_ShareBasedCompensation"/>
    <link:calculationArc order="19" weight="1.0" xlink:arcrole="http://www.xbrl.org/2003/arcrole/summation-item" xlink:from="loc_us-gaap_NetCashProvidedByUsedInOperatingActivities_dcfb70f1-046b-4353-a33e-ad682765f5da" xlink:to="loc_us-gaap_ShareBasedCompensation_927a7292-55a3-41c1-9cb5-d16ccd30e917" xlink:type="arc"/>
  </link:calculationLink>
  <link:roleRef roleURI="http://www.goldengrainenergy.com/role/InventoryDetails" xlink:type="simple" xlink:href="gold-20211031.xsd#InventoryDetails"/>
  <link:calculationLink xlink:role="http://www.goldengrainenergy.com/role/InventoryDetails" xlink:type="extended">
    <link:loc xlink:type="locator" xlink:label="loc_us-gaap_InventoryNet_37aaab12-8e9d-4fe3-a879-e72a8b120894" xlink:href="https://xbrl.fasb.org/us-gaap/2021/elts/us-gaap-2021-01-31.xsd#us-gaap_InventoryNet"/>
    <link:loc xlink:type="locator" xlink:label="loc_us-gaap_InventoryRawMaterialsNetOfReserves_b6466c2c-4448-4fb3-a5bc-f9b2a669bf9b" xlink:href="https://xbrl.fasb.org/us-gaap/2021/elts/us-gaap-2021-01-31.xsd#us-gaap_InventoryRawMaterialsNetOfReserves"/>
    <link:calculationArc order="1" weight="1.0" xlink:arcrole="http://www.xbrl.org/2003/arcrole/summation-item" xlink:from="loc_us-gaap_InventoryNet_37aaab12-8e9d-4fe3-a879-e72a8b120894" xlink:to="loc_us-gaap_InventoryRawMaterialsNetOfReserves_b6466c2c-4448-4fb3-a5bc-f9b2a669bf9b" xlink:type="arc"/>
    <link:loc xlink:type="locator" xlink:label="loc_us-gaap_InventoryWorkInProcessNetOfReserves_9fd52ba0-c91f-4ae1-acd2-cb96df65f06c" xlink:href="https://xbrl.fasb.org/us-gaap/2021/elts/us-gaap-2021-01-31.xsd#us-gaap_InventoryWorkInProcessNetOfReserves"/>
    <link:calculationArc order="2" weight="1.0" xlink:arcrole="http://www.xbrl.org/2003/arcrole/summation-item" xlink:from="loc_us-gaap_InventoryNet_37aaab12-8e9d-4fe3-a879-e72a8b120894" xlink:to="loc_us-gaap_InventoryWorkInProcessNetOfReserves_9fd52ba0-c91f-4ae1-acd2-cb96df65f06c" xlink:type="arc"/>
    <link:loc xlink:type="locator" xlink:label="loc_us-gaap_InventoryFinishedGoodsNetOfReserves_e256feb1-7bd3-418c-ab0c-ea0e6242df1f" xlink:href="https://xbrl.fasb.org/us-gaap/2021/elts/us-gaap-2021-01-31.xsd#us-gaap_InventoryFinishedGoodsNetOfReserves"/>
    <link:calculationArc order="3" weight="1.0" xlink:arcrole="http://www.xbrl.org/2003/arcrole/summation-item" xlink:from="loc_us-gaap_InventoryNet_37aaab12-8e9d-4fe3-a879-e72a8b120894" xlink:to="loc_us-gaap_InventoryFinishedGoodsNetOfReserves_e256feb1-7bd3-418c-ab0c-ea0e6242df1f" xlink:type="arc"/>
  </link:calculationLink>
</link:linkbase>
